url,title
https://consent.yahoo.com/v2/collectConsent?sessionId=3_cc-session_7cb89b75-f6e2-4d2c-b426-1765990cf6dc,Yahoo är en del av de varumärken i Yahoo-familjen
https://fantasy.espn.com/football/addeddropped,Fantasy Football Most Added / Dropped Players - ESPN
https://fantasy.espn.com/football/livedraftresults,Fantasy Football Live Draft Trends - ESPN
https://fantasy.espn.com/football/players/undroppables,Fantasy Football Undroppables - ESPN
https://fantasy.espn.com/football/leaders,Fantasy Football Scoring Leaders - ESPN
https://fantasy.espn.com/games/nfl-draft-challenge-2022/make-picks?navmethod=nfldraftchallenge2022_nfl_web_nfldraftsubnav,ESPN ESPN Draft Challenge - Make Picks
https://insider.espn.com/nfl/draft/player/_/id/106322/cam-smith,Cam Smith 2023 NFL Draft Profile - ESPN
https://insider.espn.com/nfl/draft/player/_/id/106456/rashee-rice,Rashee Rice 2023 NFL Draft Profile - ESPN
https://insider.espn.com/nfl/draft/player/_/id/106515/chase-brown,Chase Brown 2023 NFL Draft Profile - ESPN
https://insider.espn.com/nfl/draft/player/_/id/106469/dawand-jones,Dawand Jones 2023 NFL Draft Profile - ESPN
https://insider.espn.com/nfl/draft/player/_/id/106394/riley-moss,Riley Moss 2023 NFL Draft Profile - ESPN
https://insider.espn.com/nfl/draft/player/_/id/106662/sydney-brown,Sydney Brown 2023 NFL Draft Profile - ESPN
https://insider.espn.com/nfl/draft/player/_/id/106827/julius-brents,Julius Brents 2023 NFL Draft Profile - ESPN
https://insider.espn.com/nfl/draft/player/_/id/106312/bijan-robinson,Bijan Robinson 2023 NFL Draft Profile - ESPN
https://insider.espn.com/nfl/draft/player/_/id/106750/roschon-johnson,Roschon Johnson 2023 NFL Draft Profile - ESPN
https://insider.espn.com/nfl/draft/player/_/id/106484/kj-henry,K.J. Henry 2023 NFL Draft Profile - ESPN
https://insider.espn.com/nfl/draft/player/_/id/106332/tyrique-stevenson,Tyrique Stevenson 2023 NFL Draft Profile - ESPN
https://insider.espn.com/nfl/draft/player/_/id/106368/derick-hall,Derick Hall 2023 NFL Draft Profile - ESPN
https://insider.espn.com/nfl/draft/player/_/id/106654/keion-white,Keion White 2023 NFL Draft Profile - ESPN
https://insider.espn.com/nfl/draft/player/_/id/106450/cody-mauch,Cody Mauch 2023 NFL Draft Profile - ESPN
https://insider.espn.com/nfl/draft/player/_/id/106379/o'cyrus-torrence,O'Cyrus Torrence 2023 NFL Draft Profile - ESPN
https://insider.espn.com/nfl/draft/player/_/id/106736/adetomiwa-adebawore,Adetomiwa Adebawore 2023 NFL Draft Profile - ESPN
https://insider.espn.com/nfl/draft/rankings?year=2023,2023 NFL Draft Player Rankings - National Football League - ESPN
https://insider.espn.com/nfl/draft/player/_/id/106793/darius-rush,Darius Rush 2023 NFL Draft Profile - ESPN
https://insider.espn.com/nfl/draft/player/_/id/106389/kyu-blu-kelly,Kyu Blu Kelly 2023 NFL Draft Profile - ESPN
https://insider.espn.com/nfl/draft/player/_/id/106808/nathaniel-dell,Nathaniel Dell 2023 NFL Draft Profile - ESPN
https://lsusports.net/,LSU – The Official Athletics Website
http://news.bbc.co.uk/sport2/hi/football/teams/w/west_ham_utd/8230746.stm,BBC SPORT | Football | My Club | W | West Ham | Zola brings in defender Da Costa
http://news.bbc.co.uk/sport2/hi/football/teams/w/west_ham_utd/7852936.stm,BBC SPORT | Football | My Club | West Ham | West Ham confirm Nsereko signing
https://olemisssports.com/,"
https://projects.fivethirtyeight.com/nfl-receiver-rankings/,"The Best NFL Receivers, According To ESPN Analytics | FiveThirtyEight"
http://stats.washingtonpost.com/fb/playerstats.asp?id=29815,
https://twitter.com/intent/tweet?lang=en&url=https%3A%2F%2Fwww.espn.com%2Fnfl%2Finsider%2Finsider%2Fstory%2F_%2Fid%2F35511719&text=NFL%20execs%20make%20predictions%20for%202023%3A%20Forecasting%20landing%20spots%20for%20top%20QBs%20and%20big%20names,
"https://twitter.com/intent/tweet?lang=en&url=https%3A%2F%2Fwww.espn.com%2Fnfl%2Fstory%2F_%2Fid%2F35372795&text=NFL%20playoff%20bracket%20and%20schedule%3A%20TV%20times,%20dates%20and%20locations",
"https://twitter.com/intent/tweet?lang=en&url=https%3A%2F%2Fwww.espn.com%2Fnfl%2Fstory%2F_%2Fid%2F35569213&text=Tom%20Brady%27s%20retirement%20draws%20tributes%20from%20J.J.%20Watt,%20Patrick%20Mahomes%20and%20more",
https://twitter.com/intent/tweet?lang=en&url=https%3A%2F%2Fwww.espn.com%2Fnfl%2Finsider%2Finsider%2Fstory%2F_%2Fid%2F35563061&text=Where%20should%20Derek%20Carr%20and%20Aaron%20Rodgers%20want%20to%20land%3F%20Ranking%2013%20QB%2Dneedy%20teams%20by%20best%20situation,
"https://twitter.com/intent/tweet?lang=en&url=https%3A%2F%2Fwww.espn.com%2Fnfl%2Finsider%2Finsider%2Fstory%2F_%2Fid%2F35569243&text=Wickersham%3A%20Tom%20Brady%27s%20football%20career%20is%20over,%20but%20football%20isn%27t%20done%20with%20him",
https://twitter.com/intent/tweet?lang=en&url=https%3A%2F%2Fwww.espn.com%2Fnfl%2Finsider%2Finsider%2Fstory%2F_%2Fid%2F35531435%2F2023%2Dnfl%2Dfree%2Dagency%2Dranking%2Dtop%2D50%2Davailable%2Dplayers%2Doffseason%2Dlamar%2Djackson%2Dgeno%2Dsmith&text=Ranking%20the%20NFL%27s%20top%2050%20free%20agents%3A%20Who%20will%20get%20big%2Dmoney%20deals%20this%20offseason%3F,
https://twitter.com/intent/tweet?lang=en&url=https%3A%2F%2Fwww.espn.com%2Fnfl%2Finsider%2Fdraft2023%2Finsider%2Fstory%2F_%2Fid%2F35564252&text=Best%20of%20Wednesday%20at%20the%20Senior%20Bowl%3A%20Which%20NFL%20draft%20prospects%20stood%20out%3F,
https://twitter.com/intent/tweet?lang=en&url=https%3A%2F%2Fwww.espn.com%2Fnfl%2Finsider%2Finsider%2Fstory%2F_%2Fid%2F33237920&text=Ranking%20Tom%20Brady%27s%20best%2050%20games%20(and%20five%20worst)%20of%20his%20career%3A%20Which%20performance%20is%20No.%201%3F,
https://twitter.com/intent/tweet?lang=en&url=https%3A%2F%2Fwww.espn.com%2Fnfl%2Finsider%2Finsider%2Fstory%2F_%2Fid%2F35554732&text=15%20head%2Dscratching%20plays%20from%20Sunday%27s%20games%3A%20Barnwell%20on%20Bengals%2DChiefs%20and%2049ers%2DEagles,
"https://twitter.com/intent/tweet?lang=en&url=https%3A%2F%2Fwww.espn.com%2Fnfl%2Fstory%2F_%2Fid%2F35525882%2F2023%2Dnfl%2Dfree%2Dagency%2Dbiggest%2Dre%2Dsigning%2Ddecisions%2Dall%2D32%2Dteams&text=32%20NFL%20teams,%2032%20looming%20free%20agent%20decisions%3A%20Which%20players%20will%20return%20to%20their%20team%3F",
"https://twitter.com/intent/tweet?lang=en&url=https%3A%2F%2Fwww.espn.com%2Ffantasy%2Ffootball%2Fstory%2F_%2Fid%2F33174394&text=Tom%20Brady%20retires%20as%20GOAT%20in%20fantasy%20and%20betting,%20too",
https://twitter.com/intent/tweet?lang=en&url=https%3A%2F%2Fwww.espn.com%2Fnfl%2Fstory%2F_%2Fid%2F35572425&text=Hall%20of%20Fame%20NFL%20executive%20Beathard%20dies%20at%2086,
https://twitter.com/intent/tweet?lang=en&url=https%3A%2F%2Fwww.espn.com%2Fnfl%2Fstory%2F_%2Fid%2F35571705&text=Jones%3A%20McCarthy%20to%20call%20Cowboys%27%20plays%20in%20%2723,
https://twitter.com/intent/tweet?lang=en&url=https%3A%2F%2Fwww.espn.com%2Fnfl%2Fstory%2F_%2Fid%2F35573318&text=Source%3A%20Richard%20won%27t%20return%20as%20Saints%27%20co%2DDC,
"https://twitter.com/intent/tweet?lang=en&url=https%3A%2F%2Fwww.espn.com%2Fnfl%2Fstory%2F_%2Fid%2F35571382&text=Tua%20cleared%20after%20month%20in%20protocol,%20source%20says",
https://twitter.com/intent/tweet?lang=en&url=https%3A%2F%2Fwww.espn.com%2Fnfl%2Fstory%2F_%2Fid%2F35571573&text=New%20Chargers%20OC%20Moore%20is%20embracing%20change,
"https://twitter.com/intent/tweet?lang=en&url=https%3A%2F%2Fwww.espn.com%2Fnfl%2Finsider%2Finsider%2Fstory%2F_%2Fid%2F35378676%2F2023%2Dnfl%2Doffseason%2Dguide%2Devery%2Deliminated%2Dteam%2Dtop%2Dpriorities%2Dkey%2Dfree%2Dagents%2Ddraft%2Dnuggets%2Dknow%2Dbig%2Dpredictions&text=Offseason%20guide%20for%2030%20eliminated%20NFL%20teams%3A%20Draft%20outlook,%20key%20free%20agents,%20priorities%20and%20predictions",
https://twitter.com/intent/tweet?lang=en&url=https%3A%2F%2Fwww.espn.com%2Fnfl%2Fdraft2023%2Fstory%2F_%2Fid%2F35335665%2F2023%2Dnfl%2Ddraft%2Dorder%2Dall%2D31%2Dfirst%2Dround%2Dpicks%2Dchicago%2Dbears%2Dno%2D1&text=2023%20NFL%20draft%20order%3A%20Top%2029%20picks%20set%20with%20Bears%20and%20Texans%20at%20the%20top,
"https://twitter.com/intent/tweet?lang=en&url=https%3A%2F%2Fwww.espn.com%2Fnfl%2Fstory%2F_%2Fid%2F35568868&text=Brady%20retires%20%27for%20good,%27%20ends%2023%2Dyear%20NFL%20career",
https://twitter.com/intent/tweet?lang=en&url=https%3A%2F%2Fwww.espn.com%2Fnfl%2Fstory%2F_%2Fid%2F35572390&text=Shanahan%3A%20Niners%2DJimmy%20G%20split%20likely%20in%202023,
https://utsports.com/,"
https://www.bbc.com/sport/football,Football - BBC Sport
https://www.bbc.com/sport/tennis,Tennis - BBC Sport
https://www.bbc.com/sport/cycling,Cycling - BBC Sport
https://www.bbc.com/sport,"BBC Sport - Scores, Fixtures, News - Live Sport"
https://www.bbc.com/sport/cricket,Cricket - BBC Sport
https://www.bbc.com/sport/formula1,Formula 1 - BBC Sport
https://www.bbc.com/sport/american-football,American Football - BBC Sport
https://www.bbc.com/sport/rugby-union,Rugby Union - BBC Sport
https://www.bbc.com/sport/winter-sports,Winter Sports - BBC Sport
https://www.bbc.com/sport/golf,Golf - BBC Sport
https://www.bbc.com/sport/basketball,Basketball - BBC Sport
https://www.bbc.com/sport/athletics,Athletics - BBC Sport
https://www.bbc.com/sport/all-sports,Sports A-Z - BBC Sport
https://www.bbc.com/sport/disability-sport,Disability Sport - BBC Sport
https://www.bbc.com/sport/darts,Darts - BBC Sport
https://www.bbc.com/sport/boxing,Boxing - BBC Sport
https://www.bbc.com/sport/northern-ireland/gaelic-games,Gaelic Games - BBC Sport
https://www.bbc.com/sport/rugby-union/60464941,Six Nations: Which is the tournament's greatest stadium? - BBC Sport
https://www.bbc.com/sport/av/football/64430083,Manchester United: Erik ten Hag on Marcus Rashford transformation - 'I'm not Harry Potter' - BBC Sport
https://www.bbc.com/sport/av/gaelic-games/54746963,Archive: Watch Armagh overcome Derry in a classic Ulster final in 2000 - BBC Sport
https://www.bbc.co.uk/sport,"BBC Sport - Scores, Fixtures, News - Live Sport"
https://www.bbc.co.uk/iplayer,BBC iPlayer - Home
https://www.bbc.co.uk/sport/football/64487805,Everton lurching into 'deep crisis' after not making a single January signing - BBC Sport
https://www.bbc.co.uk/iplayer/episodes/p0b568sr/a-very-british-scandal?seriesId=p0b5690b,BBC iPlayer - A Very British Scandal
https://www.bbc.co.uk/iplayer/episodes/p0b5vt7f/pretty-little-liars-ravenswood?seriesId=p0b5vytw,BBC iPlayer - Pretty Little Liars: Ravenswood
https://www.bbc.co.uk/iplayer/episodes/p065sk93/a-very-english-scandal?seriesId=m0001jfw,BBC iPlayer - A Very English Scandal
https://www.bbc.co.uk/iplayer/episodes/b007qgcl/the-apprentice-youre-fired?seriesId=m001gr47,BBC iPlayer - The Apprentice: Youre Fired
https://www.bbc.co.uk/iplayer/help,iPlayer help and FAQs | iPlayer help
https://www.bbc.co.uk/sport/sport-climbing,Sport Climbing - BBC Sport
https://www.bbc.co.uk/iplayer/episode/m00152dl/spotlight-unsolved-the-murder-of-martin-ohagan,BBC iPlayer - Spotlight - Unsolved: The Murder of Martin O’Hagan
https://www.bbc.co.uk/iplayer/episodes/p07bn33z/hometown?seriesId=p07bn3jf,BBC iPlayer - Hometown
https://www.bbc.co.uk/sounds/podcasts/sport,BBC Sounds - Sport Podcasts
https://www.bbc.co.uk/sport/football/64452006,WSL transfers: How did the WSL clubs fare in the transfer window? - BBC Sport
https://www.bbc.co.uk/iplayer/episodes/m000tq65/frontline-fightback,BBC iPlayer - Frontline Fightback
https://www.bbc.co.uk/iplayer/episodes/m001cjt9/fresh-cops,BBC iPlayer - Fresh Cops
https://www.bbc.co.uk/iplayer/episode/m001d3jv/the-ice-cream-wars-series-1-episode-1,BBC iPlayer - The Ice Cream Wars - Series 1: Episode 1
https://www.bbc.co.uk/iplayer/episode/m001h1nd/billion-dollar-downfall-the-dealmaker,BBC iPlayer - Billion Dollar Downfall: The Dealmaker
https://www.bbc.co.uk/iplayer/episodes/p0b64j3y/house-of-maxwell,BBC iPlayer - House of Maxwell
https://www.bbc.co.uk/iplayer/episode/p0dss7pb/the-big-cases-groomed-radicalised-gone,"BBC iPlayer - The Big Cases - Groomed, Radicalised, Gone"
https://www.bbc.co.uk/iplayer/group/p06886ny,BBC iPlayer - True Crime
https://www.bournemouthecho.co.uk/sport/23289270.afc-bournemouth-reportedly-turn-nicolo-zaniolo/,AFC Bournemouth reportedly turn down Nicolo Zaniolo | Bournemouth Echo
https://www.espn.com/nfl/story/_/id/35372795/nfl-playoff-bracket-afc-nfc-super-bowl-2023-schedule-seeding-tv-s-dates-locations,"When is the 2023 Super Bowl? Date, time for Chiefs vs. Eagles"
https://www.espn.com/nfl/insider/story/_/id/35511719/nfl-exec-predictions-2023-future-teams-aaron-rodgers-lamar-jackson-tom-brady-derek-carr,"NFL exec predictions: Where will Rodgers, Lamar, TB12 play in 2023?"
https://www.espn.com/nfl/team/_/name/kc/kansas-city-chiefs,"Kansas City Chiefs Football - Chiefs News, Scores, Stats, Rumors & More | ESPN"
https://www.espn.com/nfl/game?gameId=401438009,"49ers vs. Eagles - NFL Game Summary - January 29, 2023 | ESPN"
https://www.espn.com/mlb/team/_/name/lad/los-angeles-dodgers,"Los Angeles Dodgers Baseball - Dodgers News, Scores, Stats, Rumors & More | ESPN"
https://www.espn.com/nfl/player/_/id/4383351/trey-lance,"Trey Lance Stats, News, Bio | ESPN"
https://www.espn.com/nfl/player/_/id/3046779/jared-goff,"Jared Goff Stats, News, Bio | ESPN"
https://www.espn.com/nfl/team/_/name/det/detroit-lions,"Detroit Lions Football - Lions News, Scores, Stats, Rumors & More | ESPN"
https://www.espn.com/nfl/player/_/id/4361741/brock-purdy,"Brock Purdy Stats, News, Bio | ESPN"
https://www.espn.com/nfl/player/_/id/4426388/jameson-williams,"Jameson Williams Stats, News, Bio | ESPN"
https://www.pinterest.com/pin/create/button/?url=https%3A%2F%2Fwww.espn.com%2Fnfl%2Fstory%2F_%2Fid%2F35372795%2Fnfl%2Dplayoff%2Dbracket%2Dafc%2Dnfc%2Dsuper%2Dbowl%2D2023%2Dschedule%2Dseeding%2Dtv%2Ds%2Ddates%2Dlocations&description=When+is+the+2023+Super+Bowl%3F+Date%2C+time+for+Chiefs+vs.+Eagles&media=https%3A%2F%2Fa.espncdn.com%2Fphoto%2F2022%2F1016%2Fr1076806_1296x729_16-9.jpg,Pinterest
https://www.espn.com/nfl/player/_/id/3139477/patrick-mahomes,"Patrick Mahomes Stats, News, Bio | ESPN"
https://www.espn.com/nfl/player/_/id/2508176/david-johnson,"David Johnson Stats, News, Bio | ESPN"
https://www.espn.com/nfl/player/_/id/3915511/joe-burrow,"Joe Burrow Stats, News, Bio | ESPN"
https://www.espn.com/nfl/player/_/id/15795/deandre-hopkins,"DeAndre Hopkins Stats, News, Bio | ESPN"
https://www.espn.com/nfl/player/_/id/4038941/justin-herbert,"Justin Herbert Stats, News, Bio | ESPN"
https://www.espn.com/nfl/player/_/id/2576925/darren-waller,"Darren Waller Stats, News, Bio | ESPN"
https://www.espn.com/nfl/player/_/id/3135321/hunter-renfrow,"Hunter Renfrow Stats, News, Bio | ESPN"
https://www.espn.com/nfl/player/_/id/3043136/leonard-floyd,"Leonard Floyd Stats, News, Bio | ESPN"
https://www.espn.com/nfl/player/_/id/16716/aaron-donald,"Aaron Donald Stats, News, Bio | ESPN"
https://www.espnplayer.com/packages,ESPN Player: Watch live and on demand sports video online
https://www.expressandstar.com/sport/football/aston-villa/2023/01/30/aston-villa-considering-loan-market/,Aston Villa considering loan market | Express & Star
https://www.express.co.uk/sport/football/1729419/everton-news-14-stars-deadline-day-sean-dyche-empty-handed,Everton news: All 14 stars club failed to sign on deadline day as Dyche left empty-handed | Football | Sport | Express.co.uk
https://www.express.de/sport/fussball/freiburg-coach-christian-streich-darf-bundespraesidenten-waehlen-87031?cb=1673954917053,Freiburg-Coach Christian Streich darf Bundespräsidenten wählen | Express
https://www.footballinsider247.com/everton-news-frank-approach-sources/,Everton news: Brentford reject Frank approach - sources
https://www.footballoutsiders.com/stats/nfl/team-defense/2022/regular,2022 Team DVOA Ratings: Defense | Football Outsiders
https://www.footballoutsiders.com/,Home | Football Outsiders
https://www.footballoutsiders.com/help/article/dyar,DYAR | Football Outsiders
https://www.pinterest.com/pin/create/button/?url=https%3A%2F%2Fwww.espn.com%2Fnfl%2Fstory%2F_%2Fid%2F35372795%2Fnfl%2Dplayoff%2Dbracket%2Dafc%2Dnfc%2Dsuper%2Dbowl%2D2023%2Dschedule%2Dseeding%2Dtv%2Ds%2Ddates%2Dlocations&description=When+is+the+2023+Super+Bowl%3F+Date%2C+time+for+Chiefs+vs.+Eagles&media=https%3A%2F%2Fa.espncdn.com%2Fphoto%2F2022%2F1016%2Fr1076806_1296x729_16-9.jpg,Pinterest
https://www.pinterest.com/pin/create/button/?url=https%3A%2F%2Fwww.espn.com%2Fnfl%2Finsider%2Finsider%2Fstory%2F_%2Fid%2F35511719%2Fnfl%2Dexec%2Dpredictions%2D2023%2Dfuture%2Dteams%2Daaron%2Drodgers%2Dlamar%2Djackson%2Dtom%2Dbrady%2Dderek%2Dcarr&description=NFL+exec+predictions%3A+Where+will+Rodgers%2C+Lamar%2C+TB12+play+in+2023%3F&media=https%3A%2F%2Fa.espncdn.com%2Fphoto%2F2023%2F0123%2Fr1121667_1296x729_16-9.jpg,Pinterest
https://www.pinterest.com/pin/create/button/?url=https%3A%2F%2Fwww.espn.com%2Fnfl%2Fstory%2F_%2Fid%2F35569213%2Fsports%2Dworld%2Dreacts%2Dtom%2Dbrady%2Dretirement&description=Sports+world+reacts+to+Tom+Brady%27s+retirement&media=https%3A%2F%2Fa.espncdn.com%2Fphoto%2F2022%2F1113%2Fr1090596_1296x729_16-9.jpg,Pinterest
https://www.pinterest.com/pin/create/button/?url=https%3A%2F%2Fwww.espn.com%2Fnfl%2Finsider%2Finsider%2Fstory%2F_%2Fid%2F35563061%2Franking%2D13%2Dquarterback%2Dneedy%2Dnfl%2Dteams%2Dmost%2Dattractive%2Dlanding%2Dspots%2Drodgers%2Dcarr%2Dgaroppolo&description=Ranking+13+QB-needy+NFL+teams%3A+Most+attractive+for+Rodgers%2C+Carr&media=https%3A%2F%2Fa.espncdn.com%2Fphoto%2F2023%2F0202%2Fr1125581_1296x729_16-9.jpg,Pinterest
https://www.pinterest.com/pin/create/button/?url=https%3A%2F%2Fwww.espn.com%2Fnfl%2Finsider%2Finsider%2Fstory%2F_%2Fid%2F35569243%2Ftom%2Dbrady%2D2023%2Dretirement%2Dnfl%2Dwas%2Dsolitary%2Dchoice%2Dquarterback&description=Tom+Brady+always+stood+alone%2C+even+in+his+retirement+choice&media=https%3A%2F%2Fa.espncdn.com%2Fphoto%2F2023%2F0201%2Fr1125279_1296x729_16-9.jpg,Pinterest
https://www.pinterest.com/pin/create/button/?url=https%3A%2F%2Fwww.espn.com%2Fnfl%2Finsider%2Finsider%2Fstory%2F_%2Fid%2F35531435%2F2023%2Dnfl%2Dfree%2Dagency%2Dranking%2Dtop%2D50%2Davailable%2Dplayers%2Doffseason%2Dlamar%2Djackson%2Dgeno%2Dsmith&description=2023+NFL+free+agency%3A+Ranking+top+50+available+players&media=https%3A%2F%2Fa.espncdn.com%2Fphoto%2F2023%2F0201%2Fnfl_top_freeagents_v2_16x9.jpg,Pinterest
https://www.pinterest.com/pin/create/button/?url=https%3A%2F%2Fwww.espn.com%2Fnfl%2Finsider%2Finsider%2Fstory%2F_%2Fid%2F33237920%2Ftom%2Dbrady%2Dbest%2Dgames%2Dranking%2D50%2Dgreatest%2Dperformances%2Dever%2Dpatriots%2Dbuccaneers%2Dquarterback&description=Tom+Brady%27s+best+games%3A+Ranking+50+greatest+performances+ever+for+Patriots%2C+Buccaneers+quarterback&media=https%3A%2F%2Fa.espncdn.com%2Fphoto%2F2017%2F0905%2Fr254345_800x450_16-9.jpg,Pinterest
https://www.pinterest.com/pin/create/button/?url=https%3A%2F%2Fwww.espn.com%2Fnfl%2Finsider%2Fdraft2023%2Finsider%2Fstory%2F_%2Fid%2F35564252%2Fsenior%2Dbowl%2Dpractice%2D2023%2Dnfl%2Ddraft%2Dbest%2Dquarterbacks%2Dprospects%2Dsleepers%2Drisers%2Dnuggets%2Dknow&description=Senior+Bowl+practice+for+2023+NFL+draft%3A+Best+QBs%2C+prospects%2C+risers&media=https%3A%2F%2Fa.espncdn.com%2Fphoto%2F2023%2F0201%2Fr1125490_1296x729_16-9.jpg,Pinterest
https://www.pinterest.com/pin/create/button/?url=https%3A%2F%2Fwww.espn.com%2Fnfl%2Finsider%2Finsider%2Fstory%2F_%2Fid%2F35554732%2Fnfl%2Dplayoffs%2D2022%2Dmaking%2Dsense%2Dchiefs%2Dbengals%2Deagles%2D49ers%2D15%2Dstrange%2Dplays%2Dnext%2D2023%2Dsuper%2Dbowl&description=Making+sense+of+Bengals-Chiefs%2C+49ers-Eagles+in+NFL+playoffs&media=https%3A%2F%2Fa.espncdn.com%2Fphoto%2F2023%2F0130%2Fr1124331_1296x729_16-9.jpg,Pinterest
https://www.pinterest.com/pin/create/button/?url=https%3A%2F%2Fwww.espn.com%2Fnfl%2Fstory%2F_%2Fid%2F35525882%2F2023%2Dnfl%2Dfree%2Dagency%2Dbiggest%2Dre%2Dsigning%2Ddecisions%2Dall%2D32%2Dteams&description=2023+NFL+free+agency%3A+Biggest+re-signing+decisions+for+all+32+teams&media=https%3A%2F%2Fa.espncdn.com%2Fphoto%2F2023%2F0131%2Fr1124666_1296x729_16-9.jpg,Pinterest
https://www.pinterest.com/pin/create/button/?url=https%3A%2F%2Fwww.espn.com%2Ffantasy%2Ffootball%2Fstory%2F_%2Fid%2F33174394%2Ftom%2Dbrady%2Dretirement%2Dgoat%2Dfantasy%2Dfootball%2Dsports%2Dbetting&description=Tom+Brady+retires+as+GOAT+in+fantasy+and+betting%2C+too&media=https%3A%2F%2Fa.espncdn.com%2Fphoto%2F2022%2F0129%2Fr967444_1296x729_16-9.jpg,Pinterest
https://www.pinterest.com/pin/create/button/?url=https%3A%2F%2Fwww.espn.com%2Fnfl%2Fstory%2F_%2Fid%2F35572425%2Fhall%2Dfame%2Dnfl%2Dexecutive%2Dbobby%2Dbeathard%2Ddies%2D86&description=Hall+of+Fame+NFL+executive+Bobby+Beathard+dies+at+86&media=https%3A%2F%2Fa.espncdn.com%2Fphoto%2F2018%2F0926%2Fr437667_1296x729_16-9.jpg,Pinterest
https://www.pinterest.com/pin/create/button/?url=https%3A%2F%2Fwww.espn.com%2Fnfl%2Fstory%2F_%2Fid%2F35571705%2Fjerry%2Djones%2Dmike%2Dmccarthy%2Dcall%2Dcowboys%2Dplays%2D2023&description=Jerry+Jones%3A+Mike+McCarthy+to+call+Cowboys%27+plays+in+2023&media=https%3A%2F%2Fa.espncdn.com%2Fphoto%2F2023%2F0108%2Fr1115243_1296x729_16-9.jpg,Pinterest
https://www.pinterest.com/pin/create/button/?url=https%3A%2F%2Fwww.espn.com%2Fnfl%2Fstory%2F_%2Fid%2F35573318%2Fkris%2Drichard%2Dnot%2Dreturning%2Dsaints%2Dco%2Ddefensive%2Dcoordinator&description=Kris+Richard+not+returning+as+Saints%27+co-defensive+coordinator&media=https%3A%2F%2Fa.espncdn.com%2Fphoto%2F2023%2F0202%2Fr1125567_1296x729_16-9.jpg,Pinterest
https://www.pinterest.com/pin/create/button/?url=https%3A%2F%2Fwww.espn.com%2Fnfl%2Fstory%2F_%2Fid%2F35571382%2Fsource%2Ddolphins%2Dtua%2Dtagovailoa%2Dclears%2Dconcussion%2Dprotocol&description=Source%3A+Dolphins%27+Tua+Tagovailoa+clears+concussion+protocol&media=https%3A%2F%2Fa.espncdn.com%2Fphoto%2F2022%2F1221%2Fr1109504_1296x729_16-9.jpg,Pinterest
https://www.pinterest.com/pin/create/button/?url=https%3A%2F%2Fwww.espn.com%2Fnfl%2Fstory%2F_%2Fid%2F35571573%2Fnew%2Dchargers%2Doc%2Dkellen%2Dmoore%2Dembracing%2Dchange&description=New+Chargers+OC+Kellen+Moore+is+embracing+change&media=https%3A%2F%2Fa.espncdn.com%2Fphoto%2F2023%2F0130%2Fr1124241_1296x729_16-9.jpg,Pinterest
https://www.pinterest.com/pin/create/button/?url=https%3A%2F%2Fwww.espn.com%2Fnfl%2Finsider%2Finsider%2Fstory%2F_%2Fid%2F35378676%2F2023%2Dnfl%2Doffseason%2Dguide%2Devery%2Deliminated%2Dteam%2Dtop%2Dpriorities%2Dkey%2Dfree%2Dagents%2Ddraft%2Dnuggets%2Dknow%2Dbig%2Dpredictions&description=2023+NFL+offseason%3A+Key+free+agents%2C+draft+notes%2C+predictions&media=https%3A%2F%2Fa.espncdn.com%2Fphoto%2F2022%2F0705%2Fnfl_fantasy_sleepers_1296x729.jpg,Pinterest
https://www.pinterest.com/pin/create/button/?url=https%3A%2F%2Fwww.espn.com%2Fnfl%2Fdraft2023%2Fstory%2F_%2Fid%2F35335665%2F2023%2Dnfl%2Ddraft%2Dorder%2Dall%2D31%2Dfirst%2Dround%2Dpicks%2Dchicago%2Dbears%2Dno%2D1&description=2023+NFL+draft+order%3A+Top+29+picks+for+the+first+round&media=https%3A%2F%2Fa.espncdn.com%2Fphoto%2F2023%2F0109%2Fr1115252_1296x729_16-9.jpg,Pinterest
https://www.pinterest.com/pin/create/button/?url=https%3A%2F%2Fwww.espn.com%2Fnfl%2Fstory%2F_%2Fid%2F35572390%2Fjimmy%2Dgaroppolo%2Doffseason%2Dsplit%2Dlikely%2D49ers%2Dkyle%2Dshanahan%2Dsays&description=Jimmy+Garoppolo+offseason+split+likely+with+49ers%2C+Kyle+Shanahan+says&media=https%3A%2F%2Fa.espncdn.com%2Fphoto%2F2023%2F0125%2Fr1122112_1296x729_16-9.jpg,Pinterest
https://www.pinterest.com/pin/create/button/?url=https%3A%2F%2Fwww.espn.com%2Fnfl%2Fstory%2F_%2Fid%2F35568868%2Ftom%2Dbrady%2Dsays%2Dretiring%2Dfootball%2Dgood&description=Tom+Brady+says+he+is+retiring+from+football+%27for+good%27&media=https%3A%2F%2Fa.espncdn.com%2Fphoto%2F2023%2F0113%2Fr1117249_1296x729_16-9.jpg,Pinterest
https://www.secsports.com,Southeastern Conference
https://www.secsports.com/article/12989678/about-commissioner-greg-sankey,About Commissioner Greg Sankey
https://www.secsports.com/video/35565456/jackson-mitchell-recall-making-history-alabama,"Jackson, Mitchell recall making history at Alabama"
https://www.secsports.com/article/35565280/sec-seven-top-10-teams-ncbwa-poll,SEC with seven top-10 teams in NCBWA poll
https://www.secsports.com/video/35566525/jans-praises-moore-contribution-ms-state-win,Jans praises Moore's contribution in MS State win
https://www.secsports.com/video/35566768/musselman-says-mitchells-delivered-presents-hogs,Musselman says Mitchells delivered presents for Hogs
https://www.secsports.com/video/35567470/what-expect-no-25-auburn-vs-georgia-matchup,What to expect in the No. 25 Auburn vs. Georgia matchup
https://www.secsports.com/video/35567564/vols-not-flashiest-most-balanced-team-sec,"Vols not the flashiest, but most balanced team in SEC"
https://www.secsports.com/news/track-field,"SEC Track & Field Clubhouse - Latest Headlines, Standings, Schedule, and Leaders"
https://www.secsports.com/news/volleyball,"SEC Volleyball Clubhouse - Latest Headlines, Standings, Schedule, and Leaders"
https://www.secsports.com/news/tennis,"SEC Tennis Clubhouse - Latest Headlines, Standings, Schedule, and Leaders"
https://www.secsports.com/news/gymnastics,"SEC Gymnastics Clubhouse - Latest Headlines, Standings, Schedule, and Leaders"
https://www.secsports.com/news/softball,"SEC Softball Clubhouse - Latest Headlines, Standings, Schedule, and Leaders"
https://www.secsports.com/news/golf,"SEC Golf Clubhouse - Latest Headlines, Standings, Schedule, and Leaders"
https://www.secsports.com/news/swimming-diving,"SEC Swimming & Diving Clubhouse - Latest Headlines, Standings, Schedule, and Leaders"
https://www.secsports.com/news/soccer,"SEC Soccer Clubhouse - Latest Headlines, Standings, Schedule, and Leaders"
https://www.secsports.com/news/football,"SEC Football Clubhouse - Latest Headlines, Standings, Schedule, and Leaders"
https://www.secsports.com/news/equestrian,"SEC Equestrian Clubhouse - Latest Headlines, Standings, Schedule, and Leaders"
https://www.secsports.com/news/womens-basketball,"SEC Women's Basketball Clubhouse - Latest Headlines, Standings, Schedule, and Leaders"
https://www.secsports.com/news/baseball,"SEC Baseball Clubhouse - Latest Headlines, Standings, Schedule, and Leaders"
https://www.skysports.com/football/news/36996/12798016/katie-mccabe-arsenal-women-reject-substantial-bid-from-title-rivals-chelsea-women-for-winger,Katie McCabe: Arsenal Women reject 'substantial' bid from title rivals Chelsea Women for winger | Football News | Sky Sports
https://www.teamtalk.com/everton/exclusive-toffees-see-deadline-day-move-for-atalanta-striker-rejected,Everton see another Serie A striker bid knocked back as loan to buy plan hits the rocks
https://www.telegraph.co.uk/football/2023/01/30/leicester-transfer-news-brendan-rodgers-eyes-harry-souttar-signing/,Leicester transfer news: Brendan Rodgers eyes Harry Souttar signing
https://www.theguardian.com/football/2023/feb/01/chelsea-put-faith-in-potter-and-young-signings-after-500m-spending-spree,Chelsea plan to give Graham Potter time after January spending spree | Chelsea | The Guardian
https://www.theguardian.com/football/2023/feb/01/chelsea-put-faith-in-potter-and-young-signings-after-500m-spending-spree?CMP=share_btn_tw,Chelsea plan to give Graham Potter time after January spending spree | Chelsea | The Guardian
https://www.thesun.co.uk/sport/21240569/chelsea-transfer-jimmy-jay-morgan-southampton/,"Chelsea set to make another signing AFTER transfer window ends with £6m deal for Jimmy-Jay Morgan, 17, from Southampton | The Sun"
